contract_id,source,finding_id,severity,h_score,f_score,is_block
msft_activision,demo_path,msft_activision#0001,watch,1.0,1.0,0
msft_activision,demo_path,msft_activision#0002,watch,0.0,1.0,0
msft_activision,demo_path,msft_activision#0003,watch,1.0,1.0,0
msft_activision,demo_path,msft_activision#0004,info,1.0,1.0,0
msft_activision,demo_path,msft_activision#0005,info,1.0,1.0,0
msft_activision,demo_path,msft_activision#0006,info,1.0,0.5,0
msft_activision,demo_path,msft_activision#0007,watch,1.0,1.0,0
msft_activision,demo_path,msft_activision#0008,watch,1.0,1.0,0
msft_activision,demo_path,msft_activision#0009,info,1.0,1.0,0
msft_activision,demo_path,msft_activision#0010,info,1.0,1.0,0
msft_activision,demo_path,msft_activision#0011,info,1.0,1.0,0
msft_activision,demo_path,msft_activision#0012,watch,1.0,1.0,0
msft_activision,demo_path,msft_activision#0013,watch,1.0,1.0,0
msft_activision,demo_path,msft_activision#0014,watch,1.0,1.0,0
msft_activision,demo_path,msft_activision#0015,watch,1.0,1.0,0
msft_activision,demo_path,msft_activision#0016,watch,1.0,1.0,0
msft_activision,demo_path,msft_activision#0017,watch,1.0,1.0,0
msft_activision,demo_path,msft_activision#0018,watch,1.0,1.0,0
msft_activision,demo_path,msft_activision#0019,watch,1.0,1.0,0
msft_activision,demo_path,msft_activision#0020,info,1.0,1.0,0
msft_activision,demo_path,msft_activision#0021,info,1.0,1.0,0
msft_activision,demo_path,msft_activision#0022,info,1.0,1.0,0
msft_activision,demo_path,msft_activision#0023,info,1.0,1.0,0
msft_activision,demo_path,msft_activision#0024,info,1.0,1.0,0
msft_activision,demo_path,msft_activision#0025,info,1.0,1.0,0
msft_activision,demo_path,msft_activision#0026,watch,1.0,1.0,0
msft_activision,demo_path,msft_activision#0027,watch,1.0,1.0,0
msft_activision,demo_path,msft_activision#0028,watch,1.0,1.0,0
msft_activision,demo_path,msft_activision#0029,watch,1.0,1.0,0
msft_activision,demo_path,msft_activision#0030,watch,1.0,1.0,0
msft_activision,demo_path,msft_activision#0031,watch,1.0,1.0,0
msft_activision,demo_path,msft_activision#0032,watch,1.0,1.0,0
msft_activision,demo_path,msft_activision#0033,block,1.0,1.0,1
msft_activision,demo_path,msft_activision#0034,watch,1.0,1.0,0
msft_activision,demo_path,msft_activision#0035,watch,1.0,1.0,0
msft_activision,demo_path,msft_activision#0036,watch,1.0,1.0,0
msft_activision,demo_path,msft_activision#0037,info,1.0,1.0,0
msft_activision,demo_path,msft_activision#0038,watch,1.0,1.0,0
msft_activision,demo_path,msft_activision#0039,watch,1.0,1.0,0
msft_activision,demo_path,msft_activision#0040,watch,1.0,1.0,0
msft_activision,demo_path,msft_activision#0041,info,1.0,1.0,0
msft_activision,demo_path,msft_activision#0042,watch,1.0,1.0,0
msft_activision,demo_path,msft_activision#0043,watch,1.0,1.0,0
pfizer_seagen,demo_path,pfizer_seagen#0044,watch,1.0,1.0,0
pfizer_seagen,demo_path,pfizer_seagen#0045,info,1.0,1.0,0
pfizer_seagen,demo_path,pfizer_seagen#0046,info,1.0,1.0,0
pfizer_seagen,demo_path,pfizer_seagen#0047,watch,1.0,1.0,0
pfizer_seagen,demo_path,pfizer_seagen#0048,watch,1.0,1.0,0
pfizer_seagen,demo_path,pfizer_seagen#0049,watch,1.0,1.0,0
pfizer_seagen,demo_path,pfizer_seagen#0050,block,1.0,1.0,1
pfizer_seagen,demo_path,pfizer_seagen#0051,block,1.0,1.0,1
pfizer_seagen,demo_path,pfizer_seagen#0052,info,1.0,1.0,0
pfizer_seagen,demo_path,pfizer_seagen#0053,watch,1.0,1.0,0
pfizer_seagen,demo_path,pfizer_seagen#0054,watch,1.0,1.0,0
pfizer_seagen,demo_path,pfizer_seagen#0055,block,1.0,1.0,1
pfizer_seagen,demo_path,pfizer_seagen#0056,block,1.0,1.0,1
pfizer_seagen,demo_path,pfizer_seagen#0057,watch,1.0,0.5,0
pfizer_seagen,demo_path,pfizer_seagen#0058,block,1.0,0.5,1
pfizer_seagen,demo_path,pfizer_seagen#0059,watch,1.0,1.0,0
pfizer_seagen,demo_path,pfizer_seagen#0060,watch,1.0,1.0,0
pfizer_seagen,demo_path,pfizer_seagen#0061,info,1.0,1.0,0
pfizer_seagen,demo_path,pfizer_seagen#0062,info,1.0,1.0,0
pfizer_seagen,demo_path,pfizer_seagen#0063,info,1.0,1.0,0
pfizer_seagen,demo_path,pfizer_seagen#0064,watch,1.0,1.0,0
pfizer_seagen,demo_path,pfizer_seagen#0065,watch,1.0,1.0,0
pfizer_seagen,demo_path,pfizer_seagen#0066,watch,1.0,1.0,0
pfizer_seagen,demo_path,pfizer_seagen#0067,watch,1.0,1.0,0
pfizer_seagen,demo_path,pfizer_seagen#0068,watch,1.0,1.0,0
pfizer_seagen,demo_path,pfizer_seagen#0069,info,1.0,1.0,0
pfizer_seagen,demo_path,pfizer_seagen#0070,info,1.0,1.0,0
pfizer_seagen,demo_path,pfizer_seagen#0071,watch,1.0,1.0,0
pfizer_seagen,demo_path,pfizer_seagen#0072,watch,1.0,1.0,0
pfizer_seagen,demo_path,pfizer_seagen#0073,info,1.0,1.0,0
pfizer_seagen,demo_path,pfizer_seagen#0074,block,1.0,1.0,1
pfizer_seagen,demo_path,pfizer_seagen#0075,info,1.0,1.0,0
pfizer_seagen,demo_path,pfizer_seagen#0076,info,1.0,1.0,0
pfizer_seagen,demo_path,pfizer_seagen#0077,info,1.0,1.0,0
pfizer_seagen,demo_path,pfizer_seagen#0078,info,1.0,1.0,0
pfizer_seagen,demo_path,pfizer_seagen#0079,watch,1.0,1.0,0
cisco_splunk,demo_path,cisco_splunk#0080,watch,1.0,1.0,0
cisco_splunk,demo_path,cisco_splunk#0081,info,1.0,1.0,0
cisco_splunk,demo_path,cisco_splunk#0082,watch,1.0,1.0,0
cisco_splunk,demo_path,cisco_splunk#0083,watch,1.0,1.0,0
cisco_splunk,demo_path,cisco_splunk#0084,watch,1.0,1.0,0
cisco_splunk,demo_path,cisco_splunk#0085,info,1.0,1.0,0
cisco_splunk,demo_path,cisco_splunk#0086,block,1.0,1.0,1
cisco_splunk,demo_path,cisco_splunk#0087,watch,1.0,1.0,0
cisco_splunk,demo_path,cisco_splunk#0088,block,1.0,1.0,1
cisco_splunk,demo_path,cisco_splunk#0089,info,1.0,1.0,0
cisco_splunk,demo_path,cisco_splunk#0090,info,1.0,1.0,0
cisco_splunk,demo_path,cisco_splunk#0091,block,1.0,1.0,1
cisco_splunk,demo_path,cisco_splunk#0092,block,1.0,1.0,1
cisco_splunk,demo_path,cisco_splunk#0093,watch,1.0,1.0,0
cisco_splunk,demo_path,cisco_splunk#0094,info,1.0,1.0,0
cisco_splunk,demo_path,cisco_splunk#0095,watch,1.0,1.0,0
cisco_splunk,demo_path,cisco_splunk#0096,info,1.0,1.0,0
cisco_splunk,demo_path,cisco_splunk#0097,info,1.0,1.0,0
cisco_splunk,demo_path,cisco_splunk#0098,info,1.0,1.0,0
cisco_splunk,demo_path,cisco_splunk#0099,watch,1.0,1.0,0
cisco_splunk,demo_path,cisco_splunk#0100,watch,1.0,1.0,0
cisco_splunk,demo_path,cisco_splunk#0101,watch,1.0,1.0,0
cisco_splunk,demo_path,cisco_splunk#0102,info,1.0,1.0,0
cisco_splunk,demo_path,cisco_splunk#0103,info,1.0,1.0,0
cisco_splunk,demo_path,cisco_splunk#0104,info,1.0,1.0,0
cisco_splunk,demo_path,cisco_splunk#0105,info,1.0,1.0,0
cisco_splunk,demo_path,cisco_splunk#0106,watch,1.0,1.0,0
cisco_splunk,demo_path,cisco_splunk#0107,watch,1.0,1.0,0
cisco_splunk,demo_path,cisco_splunk#0108,info,1.0,1.0,0
cisco_splunk,demo_path,cisco_splunk#0109,watch,1.0,1.0,0
cisco_splunk,demo_path,cisco_splunk#0110,watch,1.0,1.0,0
cisco_splunk,demo_path,cisco_splunk#0111,info,1.0,1.0,0
cisco_splunk,demo_path,cisco_splunk#0112,info,1.0,1.0,0
cisco_splunk,demo_path,cisco_splunk#0113,info,1.0,1.0,0
cisco_splunk,demo_path,cisco_splunk#0114,watch,1.0,1.0,0
cisco_splunk,demo_path,cisco_splunk#0115,watch,1.0,0.0,0
cisco_splunk,demo_path,cisco_splunk#0116,watch,1.0,1.0,0
cisco_splunk,demo_path,cisco_splunk#0117,watch,1.0,1.0,0
cisco_splunk,demo_path,cisco_splunk#0118,watch,1.0,1.0,0
cisco_splunk,demo_path,cisco_splunk#0119,info,1.0,1.0,0
cisco_splunk,demo_path,cisco_splunk#0120,info,1.0,1.0,0
cisco_splunk,demo_path,cisco_splunk#0121,watch,1.0,1.0,0
cisco_splunk,demo_path,cisco_splunk#0122,watch,1.0,1.0,0
cisco_splunk,demo_path,cisco_splunk#0123,info,1.0,1.0,0
cisco_splunk,demo_path,cisco_splunk#0124,block,1.0,1.0,1
cisco_splunk,demo_path,cisco_splunk#0125,watch,1.0,1.0,0
cisco_splunk,demo_path,cisco_splunk#0126,watch,1.0,1.0,0
cisco_splunk,demo_path,cisco_splunk#0127,info,1.0,1.0,0
exxon_pioneer,demo_path,exxon_pioneer#0128,watch,1.0,1.0,0
exxon_pioneer,demo_path,exxon_pioneer#0129,info,1.0,1.0,0
exxon_pioneer,demo_path,exxon_pioneer#0130,watch,1.0,1.0,0
exxon_pioneer,demo_path,exxon_pioneer#0131,watch,1.0,1.0,0
exxon_pioneer,demo_path,exxon_pioneer#0132,block,1.0,1.0,1
exxon_pioneer,demo_path,exxon_pioneer#0133,watch,1.0,1.0,0
exxon_pioneer,demo_path,exxon_pioneer#0134,watch,1.0,1.0,0
exxon_pioneer,demo_path,exxon_pioneer#0135,watch,1.0,1.0,0
exxon_pioneer,demo_path,exxon_pioneer#0136,watch,1.0,1.0,0
exxon_pioneer,demo_path,exxon_pioneer#0137,watch,1.0,1.0,0
exxon_pioneer,demo_path,exxon_pioneer#0138,watch,1.0,1.0,0
exxon_pioneer,demo_path,exxon_pioneer#0139,watch,1.0,1.0,0
exxon_pioneer,demo_path,exxon_pioneer#0140,watch,1.0,1.0,0
exxon_pioneer,demo_path,exxon_pioneer#0141,watch,1.0,1.0,0
exxon_pioneer,demo_path,exxon_pioneer#0142,watch,1.0,1.0,0
exxon_pioneer,demo_path,exxon_pioneer#0143,watch,1.0,1.0,0
exxon_pioneer,demo_path,exxon_pioneer#0144,watch,1.0,0.5,0
exxon_pioneer,demo_path,exxon_pioneer#0145,info,1.0,1.0,0
exxon_pioneer,demo_path,exxon_pioneer#0146,info,1.0,1.0,0
exxon_pioneer,demo_path,exxon_pioneer#0147,info,1.0,1.0,0
exxon_pioneer,demo_path,exxon_pioneer#0148,info,1.0,1.0,0
exxon_pioneer,demo_path,exxon_pioneer#0149,info,1.0,1.0,0
exxon_pioneer,demo_path,exxon_pioneer#0150,info,1.0,1.0,0
exxon_pioneer,demo_path,exxon_pioneer#0151,info,1.0,1.0,0
exxon_pioneer,demo_path,exxon_pioneer#0152,watch,1.0,1.0,0
exxon_pioneer,demo_path,exxon_pioneer#0153,info,1.0,1.0,0
exxon_pioneer,demo_path,exxon_pioneer#0154,watch,1.0,1.0,0
exxon_pioneer,demo_path,exxon_pioneer#0155,watch,1.0,1.0,0
exxon_pioneer,demo_path,exxon_pioneer#0156,info,1.0,1.0,0
exxon_pioneer,demo_path,exxon_pioneer#0157,info,1.0,1.0,0
exxon_pioneer,demo_path,exxon_pioneer#0158,info,1.0,1.0,0
exxon_pioneer,demo_path,exxon_pioneer#0159,watch,1.0,1.0,0
exxon_pioneer,demo_path,exxon_pioneer#0160,watch,1.0,1.0,0
exxon_pioneer,demo_path,exxon_pioneer#0161,info,1.0,1.0,0
exxon_pioneer,demo_path,exxon_pioneer#0162,info,1.0,1.0,0
exxon_pioneer,demo_path,exxon_pioneer#0163,watch,1.0,1.0,0
exxon_pioneer,demo_path,exxon_pioneer#0164,info,1.0,1.0,0
exxon_pioneer,demo_path,exxon_pioneer#0165,watch,1.0,1.0,0
exxon_pioneer,demo_path,exxon_pioneer#0166,info,1.0,1.0,0
exxon_pioneer,demo_path,exxon_pioneer#0167,watch,1.0,1.0,0
exxon_pioneer,demo_path,exxon_pioneer#0168,info,1.0,1.0,0
hpe_juniper,demo_path,hpe_juniper#0169,watch,1.0,1.0,0
hpe_juniper,demo_path,hpe_juniper#0170,watch,1.0,1.0,0
hpe_juniper,demo_path,hpe_juniper#0171,watch,1.0,1.0,0
hpe_juniper,demo_path,hpe_juniper#0172,info,1.0,1.0,0
hpe_juniper,demo_path,hpe_juniper#0173,watch,1.0,1.0,0
hpe_juniper,demo_path,hpe_juniper#0174,info,1.0,1.0,0
hpe_juniper,demo_path,hpe_juniper#0175,info,1.0,1.0,0
hpe_juniper,demo_path,hpe_juniper#0176,watch,1.0,1.0,0
hpe_juniper,demo_path,hpe_juniper#0177,watch,1.0,1.0,0
hpe_juniper,demo_path,hpe_juniper#0178,watch,1.0,1.0,0
hpe_juniper,demo_path,hpe_juniper#0179,watch,1.0,1.0,0
hpe_juniper,demo_path,hpe_juniper#0180,watch,1.0,1.0,0
hpe_juniper,demo_path,hpe_juniper#0181,info,1.0,1.0,0
hpe_juniper,demo_path,hpe_juniper#0182,info,1.0,1.0,0
hpe_juniper,demo_path,hpe_juniper#0183,info,1.0,1.0,0
hpe_juniper,demo_path,hpe_juniper#0184,info,1.0,1.0,0
hpe_juniper,demo_path,hpe_juniper#0185,watch,1.0,1.0,0
hpe_juniper,demo_path,hpe_juniper#0186,watch,1.0,1.0,0
hpe_juniper,demo_path,hpe_juniper#0187,info,1.0,1.0,0
hpe_juniper,demo_path,hpe_juniper#0188,info,1.0,1.0,0
hpe_juniper,demo_path,hpe_juniper#0189,info,1.0,1.0,0
hpe_juniper,demo_path,hpe_juniper#0190,info,1.0,1.0,0
hpe_juniper,demo_path,hpe_juniper#0191,watch,1.0,1.0,0
hpe_juniper,demo_path,hpe_juniper#0192,info,1.0,1.0,0
hpe_juniper,demo_path,hpe_juniper#0193,watch,1.0,1.0,0
hpe_juniper,demo_path,hpe_juniper#0194,watch,1.0,1.0,0
hpe_juniper,demo_path,hpe_juniper#0195,info,1.0,1.0,0
hpe_juniper,demo_path,hpe_juniper#0196,watch,1.0,1.0,0
hpe_juniper,demo_path,hpe_juniper#0197,info,1.0,1.0,0
hpe_juniper,demo_path,hpe_juniper#0198,watch,1.0,1.0,0
hpe_juniper,demo_path,hpe_juniper#0199,watch,1.0,1.0,0
hpe_juniper,demo_path,hpe_juniper#0200,watch,1.0,1.0,0
hpe_juniper,demo_path,hpe_juniper#0201,info,1.0,1.0,0
hpe_juniper,demo_path,hpe_juniper#0202,info,0.0,1.0,0
hpe_juniper,demo_path,hpe_juniper#0203,watch,1.0,1.0,0
hpe_juniper,demo_path,hpe_juniper#0204,watch,1.0,1.0,0
albertsons_kroger,calibration_core,albertsons_kroger#0205,watch,1.0,1.0,0
albertsons_kroger,calibration_core,albertsons_kroger#0206,watch,1.0,1.0,0
albertsons_kroger,calibration_core,albertsons_kroger#0207,watch,1.0,1.0,0
albertsons_kroger,calibration_core,albertsons_kroger#0208,watch,1.0,1.0,0
albertsons_kroger,calibration_core,albertsons_kroger#0209,watch,1.0,1.0,0
albertsons_kroger,calibration_core,albertsons_kroger#0210,watch,1.0,1.0,0
albertsons_kroger,calibration_core,albertsons_kroger#0211,watch,1.0,1.0,0
albertsons_kroger,calibration_core,albertsons_kroger#0212,watch,1.0,1.0,0
albertsons_kroger,calibration_core,albertsons_kroger#0213,watch,1.0,1.0,0
albertsons_kroger,calibration_core,albertsons_kroger#0214,watch,1.0,1.0,0
albertsons_kroger,calibration_core,albertsons_kroger#0215,watch,1.0,1.0,0
albertsons_kroger,calibration_core,albertsons_kroger#0216,info,1.0,1.0,0
albertsons_kroger,calibration_core,albertsons_kroger#0217,info,1.0,1.0,0
albertsons_kroger,calibration_core,albertsons_kroger#0218,info,1.0,1.0,0
albertsons_kroger,calibration_core,albertsons_kroger#0219,watch,1.0,1.0,0
albertsons_kroger,calibration_core,albertsons_kroger#0220,info,1.0,1.0,0
albertsons_kroger,calibration_core,albertsons_kroger#0221,info,1.0,1.0,0
albertsons_kroger,calibration_core,albertsons_kroger#0222,info,1.0,1.0,0
albertsons_kroger,calibration_core,albertsons_kroger#0223,watch,1.0,1.0,0
albertsons_kroger,calibration_core,albertsons_kroger#0224,watch,1.0,1.0,0
albertsons_kroger,calibration_core,albertsons_kroger#0225,block,1.0,1.0,1
albertsons_kroger,calibration_core,albertsons_kroger#0226,watch,1.0,1.0,0
albertsons_kroger,calibration_core,albertsons_kroger#0227,block,1.0,1.0,1
albertsons_kroger,calibration_core,albertsons_kroger#0228,watch,1.0,1.0,0
albertsons_kroger,calibration_core,albertsons_kroger#0229,watch,1.0,1.0,0
albertsons_kroger,calibration_core,albertsons_kroger#0230,info,1.0,1.0,0
albertsons_kroger,calibration_core,albertsons_kroger#0231,info,1.0,1.0,0
albertsons_kroger,calibration_core,albertsons_kroger#0232,info,1.0,1.0,0
albertsons_kroger,calibration_core,albertsons_kroger#0233,info,1.0,1.0,0
albertsons_kroger,calibration_core,albertsons_kroger#0234,watch,1.0,1.0,0
albertsons_kroger,calibration_core,albertsons_kroger#0235,watch,1.0,1.0,0
albertsons_kroger,calibration_core,albertsons_kroger#0236,watch,1.0,1.0,0
albertsons_kroger,calibration_core,albertsons_kroger#0237,watch,1.0,1.0,0
albertsons_kroger,calibration_core,albertsons_kroger#0238,watch,1.0,1.0,0
albertsons_kroger,calibration_core,albertsons_kroger#0239,block,1.0,1.0,1
albertsons_kroger,calibration_core,albertsons_kroger#0240,watch,1.0,1.0,0
synopsys_ansys,calibration_core,synopsys_ansys#0241,watch,1.0,1.0,0
synopsys_ansys,calibration_core,synopsys_ansys#0242,info,1.0,1.0,0
synopsys_ansys,calibration_core,synopsys_ansys#0243,watch,1.0,1.0,0
synopsys_ansys,calibration_core,synopsys_ansys#0244,watch,1.0,1.0,0
synopsys_ansys,calibration_core,synopsys_ansys#0245,watch,1.0,1.0,0
synopsys_ansys,calibration_core,synopsys_ansys#0246,block,1.0,1.0,1
synopsys_ansys,calibration_core,synopsys_ansys#0247,block,1.0,1.0,1
synopsys_ansys,calibration_core,synopsys_ansys#0248,block,1.0,1.0,1
synopsys_ansys,calibration_core,synopsys_ansys#0249,watch,1.0,1.0,0
synopsys_ansys,calibration_core,synopsys_ansys#0250,watch,1.0,1.0,0
synopsys_ansys,calibration_core,synopsys_ansys#0251,watch,1.0,1.0,0
synopsys_ansys,calibration_core,synopsys_ansys#0252,watch,1.0,1.0,0
synopsys_ansys,calibration_core,synopsys_ansys#0253,info,1.0,1.0,0
synopsys_ansys,calibration_core,synopsys_ansys#0254,info,1.0,1.0,0
synopsys_ansys,calibration_core,synopsys_ansys#0255,info,1.0,1.0,0
synopsys_ansys,calibration_core,synopsys_ansys#0256,info,1.0,1.0,0
synopsys_ansys,calibration_core,synopsys_ansys#0257,info,1.0,1.0,0
synopsys_ansys,calibration_core,synopsys_ansys#0258,info,1.0,1.0,0
synopsys_ansys,calibration_core,synopsys_ansys#0259,watch,1.0,1.0,0
synopsys_ansys,calibration_core,synopsys_ansys#0260,watch,1.0,1.0,0
synopsys_ansys,calibration_core,synopsys_ansys#0261,watch,1.0,1.0,0
synopsys_ansys,calibration_core,synopsys_ansys#0262,watch,1.0,1.0,0
synopsys_ansys,calibration_core,synopsys_ansys#0263,block,1.0,1.0,1
synopsys_ansys,calibration_core,synopsys_ansys#0264,watch,1.0,1.0,0
synopsys_ansys,calibration_core,synopsys_ansys#0265,info,1.0,1.0,0
synopsys_ansys,calibration_core,synopsys_ansys#0266,info,1.0,1.0,0
synopsys_ansys,calibration_core,synopsys_ansys#0267,info,1.0,1.0,0
synopsys_ansys,calibration_core,synopsys_ansys#0268,watch,1.0,1.0,0
synopsys_ansys,calibration_core,synopsys_ansys#0269,watch,1.0,1.0,0
synopsys_ansys,calibration_core,synopsys_ansys#0270,watch,1.0,1.0,0
synopsys_ansys,calibration_core,synopsys_ansys#0271,watch,1.0,1.0,0
synopsys_ansys,calibration_core,synopsys_ansys#0272,watch,1.0,1.0,0
synopsys_ansys,calibration_core,synopsys_ansys#0273,watch,1.0,1.0,0
synopsys_ansys,calibration_core,synopsys_ansys#0274,info,1.0,1.0,0
synopsys_ansys,calibration_core,synopsys_ansys#0275,info,1.0,1.0,0
synopsys_ansys,calibration_core,synopsys_ansys#0276,info,1.0,1.0,0
synopsys_ansys,calibration_core,synopsys_ansys#0277,watch,1.0,1.0,0
synopsys_ansys,calibration_core,synopsys_ansys#0278,info,1.0,1.0,0
synopsys_ansys,calibration_core,synopsys_ansys#0279,info,1.0,1.0,0
synopsys_ansys,calibration_core,synopsys_ansys#0280,watch,1.0,1.0,0
synopsys_ansys,calibration_core,synopsys_ansys#0281,watch,1.0,1.0,0
synopsys_ansys,calibration_core,synopsys_ansys#0282,watch,1.0,1.0,0
synopsys_ansys,calibration_core,synopsys_ansys#0283,watch,1.0,0.5,0
synopsys_ansys,calibration_core,synopsys_ansys#0284,watch,1.0,1.0,0
synopsys_ansys,calibration_core,synopsys_ansys#0285,watch,0.0,1.0,0
synopsys_ansys,calibration_core,synopsys_ansys#0286,watch,1.0,1.0,0
paramount_skydance,calibration_core,paramount_skydance#0287,watch,1.0,1.0,0
paramount_skydance,calibration_core,paramount_skydance#0288,watch,1.0,1.0,0
paramount_skydance,calibration_core,paramount_skydance#0289,watch,1.0,1.0,0
paramount_skydance,calibration_core,paramount_skydance#0290,info,1.0,1.0,0
paramount_skydance,calibration_core,paramount_skydance#0291,info,1.0,1.0,0
paramount_skydance,calibration_core,paramount_skydance#0292,info,1.0,1.0,0
paramount_skydance,calibration_core,paramount_skydance#0293,info,1.0,1.0,0
paramount_skydance,calibration_core,paramount_skydance#0294,info,1.0,1.0,0
paramount_skydance,calibration_core,paramount_skydance#0295,watch,1.0,1.0,0
paramount_skydance,calibration_core,paramount_skydance#0296,info,1.0,1.0,0
paramount_skydance,calibration_core,paramount_skydance#0297,block,1.0,1.0,1
paramount_skydance,calibration_core,paramount_skydance#0298,watch,1.0,1.0,0
paramount_skydance,calibration_core,paramount_skydance#0299,info,1.0,1.0,0
paramount_skydance,calibration_core,paramount_skydance#0300,watch,1.0,1.0,0
paramount_skydance,calibration_core,paramount_skydance#0301,watch,1.0,1.0,0
paramount_skydance,calibration_core,paramount_skydance#0302,watch,1.0,1.0,0
paramount_skydance,calibration_core,paramount_skydance#0303,block,1.0,1.0,1
paramount_skydance,calibration_core,paramount_skydance#0304,watch,1.0,1.0,0
paramount_skydance,calibration_core,paramount_skydance#0305,info,1.0,1.0,0
paramount_skydance,calibration_core,paramount_skydance#0306,watch,1.0,1.0,0
paramount_skydance,calibration_core,paramount_skydance#0307,info,1.0,1.0,0
paramount_skydance,calibration_core,paramount_skydance#0308,info,1.0,1.0,0
paramount_skydance,calibration_core,paramount_skydance#0309,info,1.0,1.0,0
paramount_skydance,calibration_core,paramount_skydance#0310,watch,1.0,1.0,0
paramount_skydance,calibration_core,paramount_skydance#0311,info,1.0,1.0,0
paramount_skydance,calibration_core,paramount_skydance#0312,watch,1.0,1.0,0
paramount_skydance,calibration_core,paramount_skydance#0313,watch,1.0,1.0,0
paramount_skydance,calibration_core,paramount_skydance#0314,watch,1.0,1.0,0
paramount_skydance,calibration_core,paramount_skydance#0315,watch,1.0,1.0,0
paramount_skydance,calibration_core,paramount_skydance#0316,watch,1.0,1.0,0
paramount_skydance,calibration_core,paramount_skydance#0317,info,1.0,1.0,0
paramount_skydance,calibration_core,paramount_skydance#0318,watch,1.0,1.0,0
paramount_skydance,calibration_core,paramount_skydance#0319,watch,1.0,1.0,0
paramount_skydance,calibration_core,paramount_skydance#0320,block,1.0,1.0,1
paramount_skydance,calibration_core,paramount_skydance#0321,watch,1.0,1.0,0
paramount_skydance,calibration_core,paramount_skydance#0322,watch,1.0,1.0,0
paramount_skydance,calibration_core,paramount_skydance#0323,watch,1.0,1.0,0
paramount_skydance,calibration_core,paramount_skydance#0324,watch,1.0,1.0,0
paramount_skydance,calibration_core,paramount_skydance#0325,block,1.0,1.0,1
paramount_skydance,calibration_core,paramount_skydance#0326,info,1.0,1.0,0
paramount_skydance,calibration_core,paramount_skydance#0327,block,1.0,1.0,1
paramount_skydance,calibration_core,paramount_skydance#0328,info,1.0,1.0,0
paramount_skydance,calibration_core,paramount_skydance#0329,watch,1.0,1.0,0
paramount_skydance,calibration_core,paramount_skydance#0330,info,1.0,1.0,0
paramount_skydance,calibration_core,paramount_skydance#0331,watch,1.0,1.0,0
paramount_skydance,calibration_core,paramount_skydance#0332,watch,1.0,1.0,0
paramount_skydance,calibration_core,paramount_skydance#0333,watch,1.0,1.0,0
paramount_skydance,calibration_core,paramount_skydance#0334,watch,1.0,1.0,0
paramount_skydance,calibration_core,paramount_skydance#0335,watch,1.0,1.0,0
paramount_skydance,calibration_core,paramount_skydance#0336,watch,1.0,1.0,0
paramount_skydance,calibration_core,paramount_skydance#0337,info,1.0,0.5,0
paramount_skydance,calibration_core,paramount_skydance#0338,watch,1.0,1.0,0
paramount_skydance,calibration_core,paramount_skydance#0339,watch,1.0,1.0,0
capitalone_discover,calibration_core,capitalone_discover#0340,info,1.0,1.0,0
capitalone_discover,calibration_core,capitalone_discover#0341,info,1.0,1.0,0
capitalone_discover,calibration_core,capitalone_discover#0342,watch,1.0,1.0,0
capitalone_discover,calibration_core,capitalone_discover#0343,block,1.0,1.0,1
capitalone_discover,calibration_core,capitalone_discover#0344,watch,1.0,1.0,0
capitalone_discover,calibration_core,capitalone_discover#0345,watch,1.0,1.0,0
capitalone_discover,calibration_core,capitalone_discover#0346,watch,1.0,1.0,0
capitalone_discover,calibration_core,capitalone_discover#0347,info,1.0,1.0,0
capitalone_discover,calibration_core,capitalone_discover#0348,info,1.0,1.0,0
capitalone_discover,calibration_core,capitalone_discover#0349,info,1.0,1.0,0
capitalone_discover,calibration_core,capitalone_discover#0350,info,1.0,1.0,0
capitalone_discover,calibration_core,capitalone_discover#0351,info,1.0,1.0,0
capitalone_discover,calibration_core,capitalone_discover#0352,info,1.0,1.0,0
capitalone_discover,calibration_core,capitalone_discover#0353,info,1.0,1.0,0
capitalone_discover,calibration_core,capitalone_discover#0354,info,1.0,1.0,0
capitalone_discover,calibration_core,capitalone_discover#0355,watch,1.0,1.0,0
capitalone_discover,calibration_core,capitalone_discover#0356,watch,1.0,1.0,0
capitalone_discover,calibration_core,capitalone_discover#0357,watch,1.0,1.0,0
capitalone_discover,calibration_core,capitalone_discover#0358,block,1.0,1.0,1
capitalone_discover,calibration_core,capitalone_discover#0359,info,1.0,1.0,0
capitalone_discover,calibration_core,capitalone_discover#0360,watch,1.0,1.0,0
capitalone_discover,calibration_core,capitalone_discover#0361,watch,1.0,1.0,0
capitalone_discover,calibration_core,capitalone_discover#0362,watch,1.0,1.0,0
capitalone_discover,calibration_core,capitalone_discover#0363,watch,1.0,1.0,0
capitalone_discover,calibration_core,capitalone_discover#0364,block,1.0,1.0,1
capitalone_discover,calibration_core,capitalone_discover#0365,watch,1.0,1.0,0
capitalone_discover,calibration_core,capitalone_discover#0366,watch,1.0,1.0,0
capitalone_discover,calibration_core,capitalone_discover#0367,watch,1.0,1.0,0
capitalone_discover,calibration_core,capitalone_discover#0368,block,1.0,1.0,1
capitalone_discover,calibration_core,capitalone_discover#0369,watch,1.0,1.0,0
capitalone_discover,calibration_core,capitalone_discover#0370,info,1.0,1.0,0
mars_kellanova,calibration_core,mars_kellanova#0371,info,1.0,1.0,0
mars_kellanova,calibration_core,mars_kellanova#0372,watch,1.0,1.0,0
mars_kellanova,calibration_core,mars_kellanova#0373,block,1.0,1.0,1
mars_kellanova,calibration_core,mars_kellanova#0374,block,1.0,1.0,1
mars_kellanova,calibration_core,mars_kellanova#0375,block,1.0,1.0,1
mars_kellanova,calibration_core,mars_kellanova#0376,block,1.0,1.0,1
mars_kellanova,calibration_core,mars_kellanova#0377,block,1.0,1.0,1
mars_kellanova,calibration_core,mars_kellanova#0378,info,1.0,1.0,0
mars_kellanova,calibration_core,mars_kellanova#0379,watch,1.0,1.0,0
mars_kellanova,calibration_core,mars_kellanova#0380,info,1.0,1.0,0
mars_kellanova,calibration_core,mars_kellanova#0381,info,1.0,1.0,0
mars_kellanova,calibration_core,mars_kellanova#0382,info,1.0,1.0,0
mars_kellanova,calibration_core,mars_kellanova#0383,info,1.0,1.0,0
mars_kellanova,calibration_core,mars_kellanova#0384,info,1.0,1.0,0
mars_kellanova,calibration_core,mars_kellanova#0385,info,1.0,1.0,0
mars_kellanova,calibration_core,mars_kellanova#0386,watch,1.0,1.0,0
mars_kellanova,calibration_core,mars_kellanova#0387,info,1.0,1.0,0
mars_kellanova,calibration_core,mars_kellanova#0388,watch,1.0,1.0,0
mars_kellanova,calibration_core,mars_kellanova#0389,watch,1.0,0.0,0
mars_kellanova,calibration_core,mars_kellanova#0390,info,0.0,0.0,0
mars_kellanova,calibration_core,mars_kellanova#0391,watch,1.0,1.0,0
mars_kellanova,calibration_core,mars_kellanova#0392,info,1.0,1.0,0
mars_kellanova,calibration_core,mars_kellanova#0393,info,1.0,1.0,0
mars_kellanova,calibration_core,mars_kellanova#0394,watch,1.0,1.0,0
mars_kellanova,calibration_core,mars_kellanova#0395,watch,1.0,1.0,0
mars_kellanova,calibration_core,mars_kellanova#0396,watch,1.0,1.0,0
mars_kellanova,calibration_core,mars_kellanova#0397,watch,1.0,1.0,0
mars_kellanova,calibration_core,mars_kellanova#0398,watch,1.0,0.5,0
mars_kellanova,calibration_core,mars_kellanova#0399,watch,1.0,1.0,0
mars_kellanova,calibration_core,mars_kellanova#0400,info,1.0,1.0,0
mars_kellanova,calibration_core,mars_kellanova#0401,watch,1.0,1.0,0
mars_kellanova,calibration_core,mars_kellanova#0402,watch,1.0,1.0,0
mars_kellanova,calibration_core,mars_kellanova#0403,watch,1.0,1.0,0
mars_kellanova,calibration_core,mars_kellanova#0404,watch,1.0,1.0,0
mars_kellanova,calibration_core,mars_kellanova#0405,watch,1.0,1.0,0
mars_kellanova,calibration_core,mars_kellanova#0406,watch,1.0,1.0,0
mars_kellanova,calibration_core,mars_kellanova#0407,info,1.0,1.0,0
tapestry_capri,calibration_core,tapestry_capri#0408,info,1.0,1.0,0
tapestry_capri,calibration_core,tapestry_capri#0409,watch,1.0,1.0,0
tapestry_capri,calibration_core,tapestry_capri#0410,info,1.0,1.0,0
tapestry_capri,calibration_core,tapestry_capri#0411,info,1.0,1.0,0
tapestry_capri,calibration_core,tapestry_capri#0412,block,1.0,1.0,1
tapestry_capri,calibration_core,tapestry_capri#0413,watch,1.0,1.0,0
tapestry_capri,calibration_core,tapestry_capri#0414,watch,1.0,0.5,0
tapestry_capri,calibration_core,tapestry_capri#0415,info,1.0,1.0,0
tapestry_capri,calibration_core,tapestry_capri#0416,watch,1.0,1.0,0
tapestry_capri,calibration_core,tapestry_capri#0417,info,1.0,1.0,0
tapestry_capri,calibration_core,tapestry_capri#0418,info,1.0,1.0,0
tapestry_capri,calibration_core,tapestry_capri#0419,watch,1.0,1.0,0
tapestry_capri,calibration_core,tapestry_capri#0420,info,1.0,1.0,0
tapestry_capri,calibration_core,tapestry_capri#0421,info,1.0,1.0,0
tapestry_capri,calibration_core,tapestry_capri#0422,watch,1.0,1.0,0
tapestry_capri,calibration_core,tapestry_capri#0423,watch,1.0,1.0,0
tapestry_capri,calibration_core,tapestry_capri#0424,watch,1.0,1.0,0
tapestry_capri,calibration_core,tapestry_capri#0425,watch,1.0,0.5,0
tapestry_capri,calibration_core,tapestry_capri#0426,info,1.0,1.0,0
tapestry_capri,calibration_core,tapestry_capri#0427,watch,1.0,1.0,0
tapestry_capri,calibration_core,tapestry_capri#0428,watch,1.0,1.0,0
tapestry_capri,calibration_core,tapestry_capri#0429,watch,1.0,1.0,0
tapestry_capri,calibration_core,tapestry_capri#0430,watch,1.0,1.0,0
tapestry_capri,calibration_core,tapestry_capri#0431,watch,1.0,0.5,0
tapestry_capri,calibration_core,tapestry_capri#0432,block,1.0,1.0,1
tapestry_capri,calibration_core,tapestry_capri#0433,watch,1.0,1.0,0
tapestry_capri,calibration_core,tapestry_capri#0434,info,1.0,1.0,0
tapestry_capri,calibration_core,tapestry_capri#0435,block,1.0,1.0,1
tapestry_capri,calibration_core,tapestry_capri#0436,info,1.0,1.0,0
tapestry_capri,calibration_core,tapestry_capri#0437,watch,1.0,1.0,0
tapestry_capri,calibration_core,tapestry_capri#0438,info,1.0,1.0,0
tapestry_capri,calibration_core,tapestry_capri#0439,watch,1.0,1.0,0
tapestry_capri,calibration_core,tapestry_capri#0440,watch,1.0,1.0,0
jetblue_spirit,calibration_core,jetblue_spirit#0441,info,1.0,1.0,0
jetblue_spirit,calibration_core,jetblue_spirit#0442,info,1.0,1.0,0
jetblue_spirit,calibration_core,jetblue_spirit#0443,info,1.0,1.0,0
jetblue_spirit,calibration_core,jetblue_spirit#0444,watch,1.0,1.0,0
jetblue_spirit,calibration_core,jetblue_spirit#0445,watch,1.0,1.0,0
jetblue_spirit,calibration_core,jetblue_spirit#0446,info,1.0,1.0,0
jetblue_spirit,calibration_core,jetblue_spirit#0447,info,1.0,1.0,0
jetblue_spirit,calibration_core,jetblue_spirit#0448,info,1.0,1.0,0
jetblue_spirit,calibration_core,jetblue_spirit#0449,info,1.0,1.0,0
jetblue_spirit,calibration_core,jetblue_spirit#0450,info,1.0,1.0,0
jetblue_spirit,calibration_core,jetblue_spirit#0451,watch,1.0,1.0,0
jetblue_spirit,calibration_core,jetblue_spirit#0452,info,1.0,1.0,0
jetblue_spirit,calibration_core,jetblue_spirit#0453,watch,1.0,1.0,0
jetblue_spirit,calibration_core,jetblue_spirit#0454,watch,1.0,1.0,0
jetblue_spirit,calibration_core,jetblue_spirit#0455,watch,1.0,1.0,0
jetblue_spirit,calibration_core,jetblue_spirit#0456,watch,1.0,1.0,0
jetblue_spirit,calibration_core,jetblue_spirit#0457,watch,1.0,1.0,0
jetblue_spirit,calibration_core,jetblue_spirit#0458,info,1.0,1.0,0
jetblue_spirit,calibration_core,jetblue_spirit#0459,watch,1.0,1.0,0
jetblue_spirit,calibration_core,jetblue_spirit#0460,watch,1.0,1.0,0
jetblue_spirit,calibration_core,jetblue_spirit#0461,watch,1.0,1.0,0
jetblue_spirit,calibration_core,jetblue_spirit#0462,watch,1.0,1.0,0
jetblue_spirit,calibration_core,jetblue_spirit#0463,block,1.0,1.0,1
jetblue_spirit,calibration_core,jetblue_spirit#0464,info,1.0,1.0,0
jetblue_spirit,calibration_core,jetblue_spirit#0465,info,1.0,1.0,0
jetblue_spirit,calibration_core,jetblue_spirit#0466,watch,1.0,1.0,0
jetblue_spirit,calibration_core,jetblue_spirit#0467,info,1.0,1.0,0
jetblue_spirit,calibration_core,jetblue_spirit#0468,info,1.0,1.0,0
jetblue_spirit,calibration_core,jetblue_spirit#0469,info,1.0,1.0,0
jetblue_spirit,calibration_core,jetblue_spirit#0470,info,1.0,1.0,0
jetblue_spirit,calibration_core,jetblue_spirit#0471,info,1.0,1.0,0
jetblue_spirit,calibration_core,jetblue_spirit#0472,block,1.0,1.0,1
jetblue_spirit,calibration_core,jetblue_spirit#0473,watch,1.0,1.0,0
jetblue_spirit,calibration_core,jetblue_spirit#0474,watch,1.0,1.0,0
adobe_figma,calibration_core,adobe_figma#0475,watch,1.0,1.0,0
adobe_figma,calibration_core,adobe_figma#0476,watch,1.0,1.0,0
adobe_figma,calibration_core,adobe_figma#0477,block,1.0,1.0,1
adobe_figma,calibration_core,adobe_figma#0478,watch,1.0,1.0,0
adobe_figma,calibration_core,adobe_figma#0479,info,1.0,1.0,0
adobe_figma,calibration_core,adobe_figma#0480,watch,1.0,1.0,0
adobe_figma,calibration_core,adobe_figma#0481,watch,1.0,1.0,0
adobe_figma,calibration_core,adobe_figma#0482,info,1.0,1.0,0
adobe_figma,calibration_core,adobe_figma#0483,watch,1.0,1.0,0
adobe_figma,calibration_core,adobe_figma#0484,block,1.0,1.0,1
adobe_figma,calibration_core,adobe_figma#0485,watch,1.0,1.0,0
adobe_figma,calibration_core,adobe_figma#0486,watch,1.0,1.0,0
adobe_figma,calibration_core,adobe_figma#0487,info,1.0,1.0,0
adobe_figma,calibration_core,adobe_figma#0488,info,1.0,1.0,0
adobe_figma,calibration_core,adobe_figma#0489,watch,1.0,1.0,0
adobe_figma,calibration_core,adobe_figma#0490,watch,1.0,1.0,0
adobe_figma,calibration_core,adobe_figma#0491,info,1.0,1.0,0
adobe_figma,calibration_core,adobe_figma#0492,block,1.0,1.0,1
adobe_figma,calibration_core,adobe_figma#0493,info,1.0,1.0,0
adobe_figma,calibration_core,adobe_figma#0494,info,1.0,1.0,0
adobe_figma,calibration_core,adobe_figma#0495,info,1.0,1.0,0
adobe_figma,calibration_core,adobe_figma#0496,watch,1.0,1.0,0
adobe_figma,calibration_core,adobe_figma#0497,watch,1.0,1.0,0
adobe_figma,calibration_core,adobe_figma#0498,watch,1.0,1.0,0
adobe_figma,calibration_core,adobe_figma#0499,watch,1.0,1.0,0
adobe_figma,calibration_core,adobe_figma#0500,block,1.0,1.0,1
adobe_figma,calibration_core,adobe_figma#0501,block,1.0,1.0,1
adobe_figma,calibration_core,adobe_figma#0502,watch,1.0,1.0,0
adobe_figma,calibration_core,adobe_figma#0503,watch,1.0,1.0,0
adobe_figma,calibration_core,adobe_figma#0504,watch,1.0,1.0,0
adobe_figma,calibration_core,adobe_figma#0505,block,1.0,1.0,1
adobe_figma,calibration_core,adobe_figma#0506,block,1.0,1.0,1
adobe_figma,calibration_core,adobe_figma#0507,watch,1.0,1.0,0
chevron_hess,calibration_core,chevron_hess#0508,watch,1.0,1.0,0
chevron_hess,calibration_core,chevron_hess#0509,watch,1.0,1.0,0
chevron_hess,calibration_core,chevron_hess#0510,watch,1.0,1.0,0
chevron_hess,calibration_core,chevron_hess#0511,watch,1.0,1.0,0
chevron_hess,calibration_core,chevron_hess#0512,watch,1.0,1.0,0
chevron_hess,calibration_core,chevron_hess#0513,info,1.0,1.0,0
chevron_hess,calibration_core,chevron_hess#0514,watch,1.0,1.0,0
chevron_hess,calibration_core,chevron_hess#0515,info,1.0,1.0,0
chevron_hess,calibration_core,chevron_hess#0516,info,1.0,1.0,0
chevron_hess,calibration_core,chevron_hess#0517,watch,1.0,1.0,0
chevron_hess,calibration_core,chevron_hess#0518,info,1.0,1.0,0
chevron_hess,calibration_core,chevron_hess#0519,watch,1.0,1.0,0
chevron_hess,calibration_core,chevron_hess#0520,watch,1.0,1.0,0
chevron_hess,calibration_core,chevron_hess#0521,watch,1.0,1.0,0
chevron_hess,calibration_core,chevron_hess#0522,watch,1.0,1.0,0
chevron_hess,calibration_core,chevron_hess#0523,watch,1.0,1.0,0
chevron_hess,calibration_core,chevron_hess#0524,info,1.0,1.0,0
chevron_hess,calibration_core,chevron_hess#0525,watch,1.0,1.0,0
chevron_hess,calibration_core,chevron_hess#0526,watch,1.0,1.0,0
chevron_hess,calibration_core,chevron_hess#0527,block,1.0,1.0,1
chevron_hess,calibration_core,chevron_hess#0528,watch,1.0,1.0,0
chevron_hess,calibration_core,chevron_hess#0529,watch,1.0,1.0,0
chevron_hess,calibration_core,chevron_hess#0530,info,1.0,1.0,0
